region_schema	region_parent	region_child	date_updated	datatype	agerange	value	source_url	text_match
admin_1	ma	ma-01	2020_07_08	new		43	DERIVED	
admin_1	ma	ma-01	2020_07_08	total		2715	https://covid.hespress.com/	
admin_1	ma	ma-02	2020_07_08	new		11	DERIVED	
admin_1	ma	ma-02	2020_07_08	total		232	https://covid.hespress.com/	
admin_1	ma	ma-03	2020_07_08	new		41	DERIVED	
admin_1	ma	ma-03	2020_07_08	total		1620	https://covid.hespress.com/	
admin_1	ma	ma-04	2020_07_08	new		5	DERIVED	
admin_1	ma	ma-04	2020_07_08	total		2017	https://covid.hespress.com/	
admin_1	ma	ma-05	2020_07_08	new		8	DERIVED	
admin_1	ma	ma-05	2020_07_08	total		169	https://covid.hespress.com/	
admin_1	ma	ma-06	2020_07_08	new		47	DERIVED	
admin_1	ma	ma-06	2020_07_08	total		3717	https://covid.hespress.com/	
admin_1	ma	ma-07	2020_07_08	new		20	DERIVED	
admin_1	ma	ma-07	2020_07_08	total		2604	https://covid.hespress.com/	
admin_1	ma	ma-08	2020_07_08	new		-1	DERIVED	
admin_1	ma	ma-08	2020_07_08	total		586	https://covid.hespress.com/	
admin_1	ma	ma-09	2020_07_08	new		0	DERIVED	
admin_1	ma	ma-09	2020_07_08	total		92	https://covid.hespress.com/	
admin_1	ma	ma-10	2020_07_08	new		22	DERIVED	
admin_1	ma	ma-10	2020_07_08	total		120	https://covid.hespress.com/	
admin_1	ma	ma-11	2020_07_08	new		29	DERIVED	
admin_1	ma	ma-11	2020_07_08	total		716	https://covid.hespress.com/	
admin_1	ma	ma-12	2020_07_08	new		0	DERIVED	
admin_1	ma	ma-12	2020_07_08	total		16	https://covid.hespress.com/	
admin_1	ma	ma-01	2020_07_10	new		124	DERIVED	
admin_1	ma	ma-01	2020_07_10	total		2882	https://covid.hespress.com/	
admin_1	ma	ma-02	2020_07_10	new		0	DERIVED	
admin_1	ma	ma-02	2020_07_10	total		247	https://covid.hespress.com/	
admin_1	ma	ma-03	2020_07_10	new		31	DERIVED	
admin_1	ma	ma-03	2020_07_10	total		1672	https://covid.hespress.com/	
admin_1	ma	ma-04	2020_07_10	new		3	DERIVED	
admin_1	ma	ma-04	2020_07_10	total		2027	https://covid.hespress.com/	
admin_1	ma	ma-05	2020_07_10	new		-1	DERIVED	
admin_1	ma	ma-05	2020_07_10	total		170	https://covid.hespress.com/	
admin_1	ma	ma-06	2020_07_10	new		42	DERIVED	
admin_1	ma	ma-06	2020_07_10	total		3809	https://covid.hespress.com/	
admin_1	ma	ma-07	2020_07_10	new		45	DERIVED	
admin_1	ma	ma-07	2020_07_10	total		2664	https://covid.hespress.com/	
admin_1	ma	ma-08	2020_07_10	new		1	DERIVED	
admin_1	ma	ma-08	2020_07_10	total		587	https://covid.hespress.com/	
admin_1	ma	ma-09	2020_07_10	new		5	DERIVED	
admin_1	ma	ma-09	2020_07_10	total		97	https://covid.hespress.com/	
admin_1	ma	ma-10	2020_07_10	new		5	DERIVED	
admin_1	ma	ma-10	2020_07_10	total		131	https://covid.hespress.com/	
admin_1	ma	ma-11	2020_07_10	new		49	DERIVED	
admin_1	ma	ma-11	2020_07_10	total		777	https://covid.hespress.com/	
admin_1	ma	ma-12	2020_07_10	new		1	DERIVED	
admin_1	ma	ma-12	2020_07_10	total		17	https://covid.hespress.com/	
admin_1	ma	ma-01	2020_07_12	new		55	DERIVED	
admin_1	ma	ma-01	2020_07_12	total		3021	https://covid.hespress.com/	
admin_1	ma	ma-02	2020_07_12	new		7	DERIVED	
admin_1	ma	ma-02	2020_07_12	total		255	https://covid.hespress.com/	
admin_1	ma	ma-03	2020_07_12	new		51	DERIVED	
admin_1	ma	ma-03	2020_07_12	total		1748	https://covid.hespress.com/	
admin_1	ma	ma-04	2020_07_12	new		2	DERIVED	
admin_1	ma	ma-04	2020_07_12	total		2034	https://covid.hespress.com/	
admin_1	ma	ma-05	2020_07_12	new		1	DERIVED	
admin_1	ma	ma-05	2020_07_12	total		173	https://covid.hespress.com/	
admin_1	ma	ma-06	2020_07_12	new		43	DERIVED	
admin_1	ma	ma-06	2020_07_12	total		3913	https://covid.hespress.com/	
admin_1	ma	ma-07	2020_07_12	new		24	DERIVED	
admin_1	ma	ma-07	2020_07_12	total		2739	https://covid.hespress.com/	
admin_1	ma	ma-08	2020_07_12	new		0	DERIVED	
admin_1	ma	ma-08	2020_07_12	total		586	https://covid.hespress.com/	
admin_1	ma	ma-09	2020_07_12	new		1	DERIVED	
admin_1	ma	ma-09	2020_07_12	total		98	https://covid.hespress.com/	
admin_1	ma	ma-10	2020_07_12	new		10	DERIVED	
admin_1	ma	ma-10	2020_07_12	total		145	https://covid.hespress.com/	
admin_1	ma	ma-11	2020_07_12	new		20	DERIVED	
admin_1	ma	ma-11	2020_07_12	total		814	https://covid.hespress.com/	
admin_1	ma	ma-12	2020_07_12	new		0	DERIVED	
admin_1	ma	ma-12	2020_07_12	total		17	https://covid.hespress.com/	
admin_1	ma	ma-01	2020_07_13	new		71	DERIVED	
admin_1	ma	ma-01	2020_07_13	total		3092	https://covid.hespress.com/	
admin_1	ma	ma-02	2020_07_13	new		14	DERIVED	
admin_1	ma	ma-02	2020_07_13	total		269	https://covid.hespress.com/	
admin_1	ma	ma-03	2020_07_13	new		37	DERIVED	
admin_1	ma	ma-03	2020_07_13	total		1785	https://covid.hespress.com/	
admin_1	ma	ma-04	2020_07_13	new		22	DERIVED	
admin_1	ma	ma-04	2020_07_13	total		2056	https://covid.hespress.com/	
admin_1	ma	ma-05	2020_07_13	new		3	DERIVED	
admin_1	ma	ma-05	2020_07_13	total		176	https://covid.hespress.com/	
admin_1	ma	ma-06	2020_07_13	new		22	DERIVED	
admin_1	ma	ma-06	2020_07_13	total		3935	https://covid.hespress.com/	
admin_1	ma	ma-07	2020_07_13	new		23	DERIVED	
admin_1	ma	ma-07	2020_07_13	total		2762	https://covid.hespress.com/	
admin_1	ma	ma-08	2020_07_13	new		0	DERIVED	
admin_1	ma	ma-08	2020_07_13	total		586	https://covid.hespress.com/	
admin_1	ma	ma-09	2020_07_13	new		3	DERIVED	
admin_1	ma	ma-09	2020_07_13	total		101	https://covid.hespress.com/	
admin_1	ma	ma-10	2020_07_13	new		0	DERIVED	
admin_1	ma	ma-10	2020_07_13	total		145	https://covid.hespress.com/	
admin_1	ma	ma-11	2020_07_13	new		6	DERIVED	
admin_1	ma	ma-11	2020_07_13	total		820	https://covid.hespress.com/	
admin_1	ma	ma-12	2020_07_13	new		2	DERIVED	
admin_1	ma	ma-12	2020_07_13	total		19	https://covid.hespress.com/	
admin_1	ma	ma-01	2020_07_14	new		36	DERIVED	
admin_1	ma	ma-01	2020_07_14	total		3128	https://covid.hespress.com/	
admin_1	ma	ma-02	2020_07_14	new		19	DERIVED	
admin_1	ma	ma-02	2020_07_14	total		288	https://covid.hespress.com/	
admin_1	ma	ma-03	2020_07_14	new		59	DERIVED	
admin_1	ma	ma-03	2020_07_14	total		1844	https://covid.hespress.com/	
admin_1	ma	ma-04	2020_07_14	new		8	DERIVED	
admin_1	ma	ma-04	2020_07_14	total		2064	https://covid.hespress.com/	
admin_1	ma	ma-05	2020_07_14	new		1	DERIVED	
admin_1	ma	ma-05	2020_07_14	total		177	https://covid.hespress.com/	
admin_1	ma	ma-06	2020_07_14	new		0	DERIVED	
admin_1	ma	ma-06	2020_07_14	total		3935	https://covid.hespress.com/	
admin_1	ma	ma-07	2020_07_14	new		67	DERIVED	
admin_1	ma	ma-07	2020_07_14	total		2829	https://covid.hespress.com/	
admin_1	ma	ma-08	2020_07_14	new		0	DERIVED	
admin_1	ma	ma-08	2020_07_14	total		586	https://covid.hespress.com/	
admin_1	ma	ma-09	2020_07_14	new		-1	DERIVED	
admin_1	ma	ma-09	2020_07_14	total		100	https://covid.hespress.com/	
admin_1	ma	ma-10	2020_07_14	new		0	DERIVED	
admin_1	ma	ma-10	2020_07_14	total		145	https://covid.hespress.com/	
admin_1	ma	ma-11	2020_07_14	new		1	DERIVED	
admin_1	ma	ma-11	2020_07_14	total		821	https://covid.hespress.com/	
admin_1	ma	ma-12	2020_07_14	new		0	DERIVED	
admin_1	ma	ma-12	2020_07_14	total		19	https://covid.hespress.com/	
admin_1	ma	ma-01	2020_07_15	new		75	DERIVED	
admin_1	ma	ma-01	2020_07_15	total		3203	https://covid.hespress.com/	
admin_1	ma	ma-02	2020_07_15	new		3	DERIVED	
admin_1	ma	ma-02	2020_07_15	total		291	https://covid.hespress.com/	
admin_1	ma	ma-03	2020_07_15	new		2	DERIVED	
admin_1	ma	ma-03	2020_07_15	total		1846	https://covid.hespress.com/	
admin_1	ma	ma-04	2020_07_15	new		13	DERIVED	
admin_1	ma	ma-04	2020_07_15	total		2077	https://covid.hespress.com/	
admin_1	ma	ma-05	2020_07_15	new		0	DERIVED	
admin_1	ma	ma-05	2020_07_15	total		177	https://covid.hespress.com/	
admin_1	ma	ma-06	2020_07_15	new		36	DERIVED	
admin_1	ma	ma-06	2020_07_15	total		3971	https://covid.hespress.com/	
admin_1	ma	ma-07	2020_07_15	new		28	DERIVED	
admin_1	ma	ma-07	2020_07_15	total		2857	https://covid.hespress.com/	
admin_1	ma	ma-08	2020_07_15	new		2	DERIVED	
admin_1	ma	ma-08	2020_07_15	total		588	https://covid.hespress.com/	
admin_1	ma	ma-09	2020_07_15	new		1	DERIVED	
admin_1	ma	ma-09	2020_07_15	total		101	https://covid.hespress.com/	
admin_1	ma	ma-10	2020_07_15	new		1	DERIVED	
admin_1	ma	ma-10	2020_07_15	total		146	https://covid.hespress.com/	
admin_1	ma	ma-11	2020_07_15	new		0	DERIVED	
admin_1	ma	ma-11	2020_07_15	total		821	https://covid.hespress.com/	
admin_1	ma	ma-12	2020_07_15	new		0	DERIVED	
admin_1	ma	ma-12	2020_07_15	total		19	https://covid.hespress.com/	
admin_1	ma	ma-01	2020_07_16	new		28	DERIVED	
admin_1	ma	ma-01	2020_07_16	total		3231	https://covid.hespress.com/	
admin_1	ma	ma-02	2020_07_16	new		2	DERIVED	
admin_1	ma	ma-02	2020_07_16	total		293	https://covid.hespress.com/	
admin_1	ma	ma-03	2020_07_16	new		66	DERIVED	
admin_1	ma	ma-03	2020_07_16	total		1912	https://covid.hespress.com/	
admin_1	ma	ma-04	2020_07_16	new		9	DERIVED	
admin_1	ma	ma-04	2020_07_16	total		2086	https://covid.hespress.com/	
admin_1	ma	ma-05	2020_07_16	new		7	DERIVED	
admin_1	ma	ma-05	2020_07_16	total		184	https://covid.hespress.com/	
admin_1	ma	ma-06	2020_07_16	new		16	DERIVED	
admin_1	ma	ma-06	2020_07_16	total		3987	https://covid.hespress.com/	
admin_1	ma	ma-07	2020_07_16	new		31	DERIVED	
admin_1	ma	ma-07	2020_07_16	total		2888	https://covid.hespress.com/	
admin_1	ma	ma-08	2020_07_16	new		-1	DERIVED	
admin_1	ma	ma-08	2020_07_16	total		587	https://covid.hespress.com/	
admin_1	ma	ma-09	2020_07_16	new		1	DERIVED	
admin_1	ma	ma-09	2020_07_16	total		102	https://covid.hespress.com/	
admin_1	ma	ma-10	2020_07_16	new		0	DERIVED	
admin_1	ma	ma-10	2020_07_16	total		146	https://covid.hespress.com/	
admin_1	ma	ma-11	2020_07_16	new		0	DERIVED	
admin_1	ma	ma-11	2020_07_16	total		821	https://covid.hespress.com/	
admin_1	ma	ma-12	2020_07_16	new		4	DERIVED	
admin_1	ma	ma-12	2020_07_16	total		23	https://covid.hespress.com/	
admin_1	ma	ma-01	2020_07_17	new		86	DERIVED	
admin_1	ma	ma-01	2020_07_17	total		3317	https://covid.hespress.com/	
admin_1	ma	ma-02	2020_07_17	new		15	DERIVED	
admin_1	ma	ma-02	2020_07_17	total		308	https://covid.hespress.com/	
admin_1	ma	ma-03	2020_07_17	new		72	DERIVED	
admin_1	ma	ma-03	2020_07_17	total		1984	https://covid.hespress.com/	
admin_1	ma	ma-04	2020_07_17	new		10	DERIVED	
admin_1	ma	ma-04	2020_07_17	total		2096	https://covid.hespress.com/	
admin_1	ma	ma-05	2020_07_17	new		0	DERIVED	
admin_1	ma	ma-05	2020_07_17	total		184	https://covid.hespress.com/	
admin_1	ma	ma-06	2020_07_17	new		52	DERIVED	
admin_1	ma	ma-06	2020_07_17	total		4039	https://covid.hespress.com/	
admin_1	ma	ma-07	2020_07_17	new		44	DERIVED	
admin_1	ma	ma-07	2020_07_17	total		2932	https://covid.hespress.com/	
admin_1	ma	ma-08	2020_07_17	new		0	DERIVED	
admin_1	ma	ma-08	2020_07_17	total		587	https://covid.hespress.com/	
admin_1	ma	ma-09	2020_07_17	new		1	DERIVED	
admin_1	ma	ma-09	2020_07_17	total		103	https://covid.hespress.com/	
admin_1	ma	ma-10	2020_07_17	new		1	DERIVED	
admin_1	ma	ma-10	2020_07_17	total		147	https://covid.hespress.com/	
admin_1	ma	ma-11	2020_07_17	new		1	DERIVED	
admin_1	ma	ma-11	2020_07_17	total		822	https://covid.hespress.com/	
admin_1	ma	ma-12	2020_07_17	new		5	DERIVED	
admin_1	ma	ma-12	2020_07_17	total		28	https://covid.hespress.com/	
admin_1	ma	ma-01	2020_07_18	new		57	DERIVED	
admin_1	ma	ma-01	2020_07_18	total		3374	https://covid.hespress.com/	
admin_1	ma	ma-02	2020_07_18	new		11	DERIVED	
admin_1	ma	ma-02	2020_07_18	total		319	https://covid.hespress.com/	
admin_1	ma	ma-03	2020_07_18	new		58	DERIVED	
admin_1	ma	ma-03	2020_07_18	total		2042	https://covid.hespress.com/	
admin_1	ma	ma-04	2020_07_18	new		1	DERIVED	
admin_1	ma	ma-04	2020_07_18	total		2097	https://covid.hespress.com/	
admin_1	ma	ma-05	2020_07_18	new		0	DERIVED	
admin_1	ma	ma-05	2020_07_18	total		184	https://covid.hespress.com/	
admin_1	ma	ma-06	2020_07_18	new		22	DERIVED	
admin_1	ma	ma-06	2020_07_18	total		4061	https://covid.hespress.com/	
admin_1	ma	ma-07	2020_07_18	new		22	DERIVED	
admin_1	ma	ma-07	2020_07_18	total		2954	https://covid.hespress.com/	
admin_1	ma	ma-08	2020_07_18	new		2	DERIVED	
admin_1	ma	ma-08	2020_07_18	total		589	https://covid.hespress.com/	
admin_1	ma	ma-09	2020_07_18	new		1	DERIVED	
admin_1	ma	ma-09	2020_07_18	total		104	https://covid.hespress.com/	
admin_1	ma	ma-10	2020_07_18	new		2	DERIVED	
admin_1	ma	ma-10	2020_07_18	total		149	https://covid.hespress.com/	
admin_1	ma	ma-11	2020_07_18	new		-1	DERIVED	
admin_1	ma	ma-11	2020_07_18	total		821	https://covid.hespress.com/	
admin_1	ma	ma-12	2020_07_18	new		4	DERIVED	
admin_1	ma	ma-12	2020_07_18	total		32	https://covid.hespress.com/	
admin_1	ma	ma-01	2020_07_19	new		92	DERIVED	
admin_1	ma	ma-01	2020_07_19	total		3466	https://covid.hespress.com/	
admin_1	ma	ma-02	2020_07_19	new		21	DERIVED	
admin_1	ma	ma-02	2020_07_19	total		340	https://covid.hespress.com/	
admin_1	ma	ma-03	2020_07_19	new		76	DERIVED	
admin_1	ma	ma-03	2020_07_19	total		2118	https://covid.hespress.com/	
admin_1	ma	ma-04	2020_07_19	new		8	DERIVED	
admin_1	ma	ma-04	2020_07_19	total		2105	https://covid.hespress.com/	
admin_1	ma	ma-05	2020_07_19	new		1	DERIVED	
admin_1	ma	ma-05	2020_07_19	total		185	https://covid.hespress.com/	
admin_1	ma	ma-06	2020_07_19	new		75	DERIVED	
admin_1	ma	ma-06	2020_07_19	total		4136	https://covid.hespress.com/	
admin_1	ma	ma-07	2020_07_19	new		8	DERIVED	
admin_1	ma	ma-07	2020_07_19	total		2962	https://covid.hespress.com/	
admin_1	ma	ma-08	2020_07_19	new		0	DERIVED	
admin_1	ma	ma-08	2020_07_19	total		589	https://covid.hespress.com/	
admin_1	ma	ma-09	2020_07_19	new		0	DERIVED	
admin_1	ma	ma-09	2020_07_19	total		104	https://covid.hespress.com/	
admin_1	ma	ma-10	2020_07_19	new		2	DERIVED	
admin_1	ma	ma-10	2020_07_19	total		151	https://covid.hespress.com/	
admin_1	ma	ma-11	2020_07_19	new		1	DERIVED	
admin_1	ma	ma-11	2020_07_19	total		822	https://covid.hespress.com/	
admin_1	ma	ma-12	2020_07_19	new		5	DERIVED	
admin_1	ma	ma-12	2020_07_19	total		37	https://covid.hespress.com/	
admin_1	ma	ma-01	2020_07_20	new		48	DERIVED	
admin_1	ma	ma-01	2020_07_20	total		3514	https://covid.hespress.com/	
admin_1	ma	ma-02	2020_07_20	new		5	DERIVED	
admin_1	ma	ma-02	2020_07_20	total		345	https://covid.hespress.com/	
admin_1	ma	ma-03	2020_07_20	new		62	DERIVED	
admin_1	ma	ma-03	2020_07_20	total		2180	https://covid.hespress.com/	
admin_1	ma	ma-04	2020_07_20	new		3	DERIVED	
admin_1	ma	ma-04	2020_07_20	total		2108	https://covid.hespress.com/	
admin_1	ma	ma-05	2020_07_20	new		-1	DERIVED	
admin_1	ma	ma-05	2020_07_20	total		184	https://covid.hespress.com/	
admin_1	ma	ma-06	2020_07_20	new		76	DERIVED	
admin_1	ma	ma-06	2020_07_20	total		4212	https://covid.hespress.com/	
admin_1	ma	ma-07	2020_07_20	new		20	DERIVED	
admin_1	ma	ma-07	2020_07_20	total		2982	https://covid.hespress.com/	
admin_1	ma	ma-08	2020_07_20	new		0	DERIVED	
admin_1	ma	ma-08	2020_07_20	total		589	https://covid.hespress.com/	
admin_1	ma	ma-09	2020_07_20	new		-1	DERIVED	
admin_1	ma	ma-09	2020_07_20	total		103	https://covid.hespress.com/	
admin_1	ma	ma-10	2020_07_20	new		4	DERIVED	
admin_1	ma	ma-10	2020_07_20	total		155	https://covid.hespress.com/	
admin_1	ma	ma-11	2020_07_20	new		2	DERIVED	
admin_1	ma	ma-11	2020_07_20	total		824	https://covid.hespress.com/	
admin_1	ma	ma-12	2020_07_20	new		-1	DERIVED	
admin_1	ma	ma-12	2020_07_20	total		36	https://covid.hespress.com/	
admin_1	ma	ma-01	2020_07_21	new		183	DERIVED	
admin_1	ma	ma-01	2020_07_21	total		3697	https://covid.hespress.com/	
admin_1	ma	ma-02	2020_07_21	new		4	DERIVED	
admin_1	ma	ma-02	2020_07_21	total		349	https://covid.hespress.com/	
admin_1	ma	ma-03	2020_07_21	new		64	DERIVED	
admin_1	ma	ma-03	2020_07_21	total		2244	https://covid.hespress.com/	
admin_1	ma	ma-04	2020_07_21	new		5	DERIVED	
admin_1	ma	ma-04	2020_07_21	total		2113	https://covid.hespress.com/	
admin_1	ma	ma-05	2020_07_21	new		2	DERIVED	
admin_1	ma	ma-05	2020_07_21	total		186	https://covid.hespress.com/	
admin_1	ma	ma-06	2020_07_21	new		49	DERIVED	
admin_1	ma	ma-06	2020_07_21	total		4261	https://covid.hespress.com/	
admin_1	ma	ma-07	2020_07_21	new		14	DERIVED	
admin_1	ma	ma-07	2020_07_21	total		2996	https://covid.hespress.com/	
admin_1	ma	ma-08	2020_07_21	new		-1	DERIVED	
admin_1	ma	ma-08	2020_07_21	total		588	https://covid.hespress.com/	
admin_1	ma	ma-09	2020_07_21	new		1	DERIVED	
admin_1	ma	ma-09	2020_07_21	total		104	https://covid.hespress.com/	
admin_1	ma	ma-10	2020_07_21	new		1	DERIVED	
admin_1	ma	ma-10	2020_07_21	total		156	https://covid.hespress.com/	
admin_1	ma	ma-11	2020_07_21	new		3	DERIVED	
admin_1	ma	ma-11	2020_07_21	total		827	https://covid.hespress.com/	
admin_1	ma	ma-12	2020_07_21	new		4	DERIVED	
admin_1	ma	ma-12	2020_07_21	total		40	https://covid.hespress.com/	
admin_1	ma	ma-01	2020_07_22	new		0	DERIVED	
admin_1	ma	ma-01	2020_07_22	total		3697	https://covid.hespress.com/	
admin_1	ma	ma-02	2020_07_22	new		0	DERIVED	
admin_1	ma	ma-02	2020_07_22	total		349	https://covid.hespress.com/	
admin_1	ma	ma-03	2020_07_22	new		0	DERIVED	
admin_1	ma	ma-03	2020_07_22	total		2244	https://covid.hespress.com/	
admin_1	ma	ma-04	2020_07_22	new		0	DERIVED	
admin_1	ma	ma-04	2020_07_22	total		2113	https://covid.hespress.com/	
admin_1	ma	ma-05	2020_07_22	new		0	DERIVED	
admin_1	ma	ma-05	2020_07_22	total		186	https://covid.hespress.com/	
admin_1	ma	ma-06	2020_07_22	new		0	DERIVED	
admin_1	ma	ma-06	2020_07_22	total		4261	https://covid.hespress.com/	
admin_1	ma	ma-07	2020_07_22	new		0	DERIVED	
admin_1	ma	ma-07	2020_07_22	total		2996	https://covid.hespress.com/	
admin_1	ma	ma-08	2020_07_22	new		0	DERIVED	
admin_1	ma	ma-08	2020_07_22	total		588	https://covid.hespress.com/	
admin_1	ma	ma-09	2020_07_22	new		0	DERIVED	
admin_1	ma	ma-09	2020_07_22	total		104	https://covid.hespress.com/	
admin_1	ma	ma-10	2020_07_22	new		0	DERIVED	
admin_1	ma	ma-10	2020_07_22	total		156	https://covid.hespress.com/	
admin_1	ma	ma-11	2020_07_22	new		0	DERIVED	
admin_1	ma	ma-11	2020_07_22	total		827	https://covid.hespress.com/	
admin_1	ma	ma-12	2020_07_22	new		0	DERIVED	
admin_1	ma	ma-12	2020_07_22	total		40	https://covid.hespress.com/	
admin_1	ma	ma-01	2020_07_23	new		115	DERIVED	
admin_1	ma	ma-01	2020_07_23	total		3812	https://covid.hespress.com/	
admin_1	ma	ma-02	2020_07_23	new		14	DERIVED	
admin_1	ma	ma-02	2020_07_23	total		363	https://covid.hespress.com/	
admin_1	ma	ma-03	2020_07_23	new		68	DERIVED	
admin_1	ma	ma-03	2020_07_23	total		2312	https://covid.hespress.com/	
admin_1	ma	ma-04	2020_07_23	new		7	DERIVED	
admin_1	ma	ma-04	2020_07_23	total		2120	https://covid.hespress.com/	
admin_1	ma	ma-05	2020_07_23	new		6	DERIVED	
admin_1	ma	ma-05	2020_07_23	total		192	https://covid.hespress.com/	
admin_1	ma	ma-06	2020_07_23	new		111	DERIVED	
admin_1	ma	ma-06	2020_07_23	total		4372	https://covid.hespress.com/	
admin_1	ma	ma-07	2020_07_23	new		58	DERIVED	
admin_1	ma	ma-07	2020_07_23	total		3054	https://covid.hespress.com/	
admin_1	ma	ma-08	2020_07_23	new		10	DERIVED	
admin_1	ma	ma-08	2020_07_23	total		598	https://covid.hespress.com/	
admin_1	ma	ma-09	2020_07_23	new		2	DERIVED	
admin_1	ma	ma-09	2020_07_23	total		106	https://covid.hespress.com/	
admin_1	ma	ma-10	2020_07_23	new		0	DERIVED	
admin_1	ma	ma-10	2020_07_23	total		156	https://covid.hespress.com/	
admin_1	ma	ma-11	2020_07_23	new		5	DERIVED	
admin_1	ma	ma-11	2020_07_23	total		832	https://covid.hespress.com/	
admin_1	ma	ma-12	2020_07_23	new		3	DERIVED	
admin_1	ma	ma-12	2020_07_23	total		43	https://covid.hespress.com/	
admin_1	ma	ma-01	2020_07_24	new		118	DERIVED	
admin_1	ma	ma-01	2020_07_24	total		3930	https://covid.hespress.com/	
admin_1	ma	ma-02	2020_07_24	new		4	DERIVED	
admin_1	ma	ma-02	2020_07_24	total		367	https://covid.hespress.com/	
admin_1	ma	ma-03	2020_07_24	new		31	DERIVED	
admin_1	ma	ma-03	2020_07_24	total		2343	https://covid.hespress.com/	
admin_1	ma	ma-04	2020_07_24	new		6	DERIVED	
admin_1	ma	ma-04	2020_07_24	total		2126	https://covid.hespress.com/	
admin_1	ma	ma-05	2020_07_24	new		2	DERIVED	
admin_1	ma	ma-05	2020_07_24	total		194	https://covid.hespress.com/	
admin_1	ma	ma-06	2020_07_24	new		83	DERIVED	
admin_1	ma	ma-06	2020_07_24	total		4455	https://covid.hespress.com/	
admin_1	ma	ma-07	2020_07_24	new		44	DERIVED	
admin_1	ma	ma-07	2020_07_24	total		3098	https://covid.hespress.com/	
admin_1	ma	ma-08	2020_07_24	new		3	DERIVED	
admin_1	ma	ma-08	2020_07_24	total		601	https://covid.hespress.com/	
admin_1	ma	ma-09	2020_07_24	new		0	DERIVED	
admin_1	ma	ma-09	2020_07_24	total		106	https://covid.hespress.com/	
admin_1	ma	ma-10	2020_07_24	new		5	DERIVED	
admin_1	ma	ma-10	2020_07_24	total		161	https://covid.hespress.com/	
admin_1	ma	ma-11	2020_07_24	new		-1	DERIVED	
admin_1	ma	ma-11	2020_07_24	total		831	https://covid.hespress.com/	
admin_1	ma	ma-12	2020_07_24	new		10	DERIVED	
admin_1	ma	ma-12	2020_07_24	total		53	https://covid.hespress.com/	
admin_1	ma	ma-01	2020_07_25	new		208	DERIVED	
admin_1	ma	ma-01	2020_07_25	total		4138	https://covid.hespress.com/	
admin_1	ma	ma-02	2020_07_25	new		23	DERIVED	
admin_1	ma	ma-02	2020_07_25	total		390	https://covid.hespress.com/	
admin_1	ma	ma-03	2020_07_25	new		81	DERIVED	
admin_1	ma	ma-03	2020_07_25	total		2424	https://covid.hespress.com/	
admin_1	ma	ma-04	2020_07_25	new		25	DERIVED	
admin_1	ma	ma-04	2020_07_25	total		2151	https://covid.hespress.com/	
admin_1	ma	ma-05	2020_07_25	new		-2	DERIVED	
admin_1	ma	ma-05	2020_07_25	total		192	https://covid.hespress.com/	
admin_1	ma	ma-06	2020_07_25	new		206	DERIVED	
admin_1	ma	ma-06	2020_07_25	total		4661	https://covid.hespress.com/	
admin_1	ma	ma-07	2020_07_25	new		21	DERIVED	
admin_1	ma	ma-07	2020_07_25	total		3119	https://covid.hespress.com/	
admin_1	ma	ma-08	2020_07_25	new		2	DERIVED	
admin_1	ma	ma-08	2020_07_25	total		603	https://covid.hespress.com/	
admin_1	ma	ma-09	2020_07_25	new		1	DERIVED	
admin_1	ma	ma-09	2020_07_25	total		107	https://covid.hespress.com/	
admin_1	ma	ma-10	2020_07_25	new		-1	DERIVED	
admin_1	ma	ma-10	2020_07_25	total		160	https://covid.hespress.com/	
admin_1	ma	ma-11	2020_07_25	new		1	DERIVED	
admin_1	ma	ma-11	2020_07_25	total		832	https://covid.hespress.com/	
admin_1	ma	ma-12	2020_07_25	new		5	DERIVED	
admin_1	ma	ma-12	2020_07_25	total		58	https://covid.hespress.com/	
admin_1	ma	ma-01	2020_07_26	new		455	DERIVED	
admin_1	ma	ma-01	2020_07_26	total		4593	https://covid.hespress.com/	
admin_1	ma	ma-02	2020_07_26	new		3	DERIVED	
admin_1	ma	ma-02	2020_07_26	total		393	https://covid.hespress.com/	
admin_1	ma	ma-03	2020_07_26	new		102	DERIVED	
admin_1	ma	ma-03	2020_07_26	total		2526	https://covid.hespress.com/	
admin_1	ma	ma-04	2020_07_26	new		14	DERIVED	
admin_1	ma	ma-04	2020_07_26	total		2165	https://covid.hespress.com/	
admin_1	ma	ma-05	2020_07_26	new		4	DERIVED	
admin_1	ma	ma-05	2020_07_26	total		196	https://covid.hespress.com/	
admin_1	ma	ma-06	2020_07_26	new		185	DERIVED	
admin_1	ma	ma-06	2020_07_26	total		4846	https://covid.hespress.com/	
admin_1	ma	ma-07	2020_07_26	new		30	DERIVED	
admin_1	ma	ma-07	2020_07_26	total		3149	https://covid.hespress.com/	
admin_1	ma	ma-08	2020_07_26	new		4	DERIVED	
admin_1	ma	ma-08	2020_07_26	total		607	https://covid.hespress.com/	
admin_1	ma	ma-09	2020_07_26	new		5	DERIVED	
admin_1	ma	ma-09	2020_07_26	total		112	https://covid.hespress.com/	
admin_1	ma	ma-10	2020_07_26	new		1	DERIVED	
admin_1	ma	ma-10	2020_07_26	total		161	https://covid.hespress.com/	
admin_1	ma	ma-11	2020_07_26	new		1	DERIVED	
admin_1	ma	ma-11	2020_07_26	total		833	https://covid.hespress.com/	
admin_1	ma	ma-12	2020_07_26	new		5	DERIVED	
admin_1	ma	ma-12	2020_07_26	total		63	https://covid.hespress.com/	
admin_1	ma	ma-01	2020_07_27	new		138	DERIVED	
admin_1	ma	ma-01	2020_07_27	total		4731	https://covid.hespress.com/	
admin_1	ma	ma-02	2020_07_27	new		9	DERIVED	
admin_1	ma	ma-02	2020_07_27	total		402	https://covid.hespress.com/	
admin_1	ma	ma-03	2020_07_27	new		132	DERIVED	
admin_1	ma	ma-03	2020_07_27	total		2658	https://covid.hespress.com/	
admin_1	ma	ma-04	2020_07_27	new		45	DERIVED	
admin_1	ma	ma-04	2020_07_27	total		2210	https://covid.hespress.com/	
admin_1	ma	ma-05	2020_07_27	new		7	DERIVED	
admin_1	ma	ma-05	2020_07_27	total		203	https://covid.hespress.com/	
admin_1	ma	ma-06	2020_07_27	new		221	DERIVED	
admin_1	ma	ma-06	2020_07_27	total		5067	https://covid.hespress.com/	
admin_1	ma	ma-07	2020_07_27	new		71	DERIVED	
admin_1	ma	ma-07	2020_07_27	total		3220	https://covid.hespress.com/	
admin_1	ma	ma-08	2020_07_27	new		11	DERIVED	
admin_1	ma	ma-08	2020_07_27	total		618	https://covid.hespress.com/	
admin_1	ma	ma-09	2020_07_27	new		2	DERIVED	
admin_1	ma	ma-09	2020_07_27	total		114	https://covid.hespress.com/	
admin_1	ma	ma-10	2020_07_27	new		-1	DERIVED	
admin_1	ma	ma-10	2020_07_27	total		160	https://covid.hespress.com/	
admin_1	ma	ma-11	2020_07_27	new		-2	DERIVED	
admin_1	ma	ma-11	2020_07_27	total		831	https://covid.hespress.com/	
admin_1	ma	ma-12	2020_07_27	new		0	DERIVED	
admin_1	ma	ma-12	2020_07_27	total		63	https://covid.hespress.com/	
admin_1	ma	ma-01	2020_07_28	new		113	DERIVED	
admin_1	ma	ma-01	2020_07_28	total		4844	https://covid.hespress.com/	
admin_1	ma	ma-02	2020_07_28	new		5	DERIVED	
admin_1	ma	ma-02	2020_07_28	total		407	https://covid.hespress.com/	
admin_1	ma	ma-03	2020_07_28	new		99	DERIVED	
admin_1	ma	ma-03	2020_07_28	total		2757	https://covid.hespress.com/	
admin_1	ma	ma-04	2020_07_28	new		25	DERIVED	
admin_1	ma	ma-04	2020_07_28	total		2235	https://covid.hespress.com/	
admin_1	ma	ma-05	2020_07_28	new		8	DERIVED	
admin_1	ma	ma-05	2020_07_28	total		211	https://covid.hespress.com/	
admin_1	ma	ma-06	2020_07_28	new		211	DERIVED	
admin_1	ma	ma-06	2020_07_28	total		5278	https://covid.hespress.com/	
admin_1	ma	ma-07	2020_07_28	new		130	DERIVED	
admin_1	ma	ma-07	2020_07_28	total		3350	https://covid.hespress.com/	
admin_1	ma	ma-08	2020_07_28	new		2	DERIVED	
admin_1	ma	ma-08	2020_07_28	total		620	https://covid.hespress.com/	
admin_1	ma	ma-09	2020_07_28	new		7	DERIVED	
admin_1	ma	ma-09	2020_07_28	total		121	https://covid.hespress.com/	
admin_1	ma	ma-10	2020_07_28	new		1	DERIVED	
admin_1	ma	ma-10	2020_07_28	total		161	https://covid.hespress.com/	
admin_1	ma	ma-11	2020_07_28	new		0	DERIVED	
admin_1	ma	ma-11	2020_07_28	total		831	https://covid.hespress.com/	
admin_1	ma	ma-12	2020_07_28	new		6	DERIVED	
admin_1	ma	ma-12	2020_07_28	total		69	https://covid.hespress.com/	
admin_1	ma	ma-01	2020_07_29	new		47	DERIVED	
admin_1	ma	ma-01	2020_07_29	total		4891	https://covid.hespress.com/	
admin_1	ma	ma-02	2020_07_29	new		8	DERIVED	
admin_1	ma	ma-02	2020_07_29	total		415	https://covid.hespress.com/	
admin_1	ma	ma-03	2020_07_29	new		160	DERIVED	
admin_1	ma	ma-03	2020_07_29	total		2917	https://covid.hespress.com/	
admin_1	ma	ma-04	2020_07_29	new		36	DERIVED	
admin_1	ma	ma-04	2020_07_29	total		2271	https://covid.hespress.com/	
admin_1	ma	ma-05	2020_07_29	new		5	DERIVED	
admin_1	ma	ma-05	2020_07_29	total		216	https://covid.hespress.com/	
admin_1	ma	ma-06	2020_07_29	new		165	DERIVED	
admin_1	ma	ma-06	2020_07_29	total		5443	https://covid.hespress.com/	
admin_1	ma	ma-07	2020_07_29	new		66	DERIVED	
admin_1	ma	ma-07	2020_07_29	total		3416	https://covid.hespress.com/	
admin_1	ma	ma-08	2020_07_29	new		9	DERIVED	
admin_1	ma	ma-08	2020_07_29	total		629	https://covid.hespress.com/	
admin_1	ma	ma-09	2020_07_29	new		3	DERIVED	
admin_1	ma	ma-09	2020_07_29	total		124	https://covid.hespress.com/	
admin_1	ma	ma-10	2020_07_29	new		-1	DERIVED	
admin_1	ma	ma-10	2020_07_29	total		160	https://covid.hespress.com/	
admin_1	ma	ma-11	2020_07_29	new		1	DERIVED	
admin_1	ma	ma-11	2020_07_29	total		832	https://covid.hespress.com/	
admin_1	ma	ma-12	2020_07_29	new		-1	DERIVED	
admin_1	ma	ma-12	2020_07_29	total		68	https://covid.hespress.com/	
admin_1	ma	ma-01	2020_07_30	new		167	DERIVED	
admin_1	ma	ma-01	2020_07_30	total		5058	https://covid.hespress.com/	
admin_1	ma	ma-02	2020_07_30	new		7	DERIVED	
admin_1	ma	ma-02	2020_07_30	total		422	https://covid.hespress.com/	
admin_1	ma	ma-03	2020_07_30	new		206	DERIVED	
admin_1	ma	ma-03	2020_07_30	total		3123	https://covid.hespress.com/	
admin_1	ma	ma-04	2020_07_30	new		35	DERIVED	
admin_1	ma	ma-04	2020_07_30	total		2306	https://covid.hespress.com/	
admin_1	ma	ma-05	2020_07_30	new		15	DERIVED	
admin_1	ma	ma-05	2020_07_30	total		231	https://covid.hespress.com/	
admin_1	ma	ma-06	2020_07_30	new		286	DERIVED	
admin_1	ma	ma-06	2020_07_30	total		5729	https://covid.hespress.com/	
admin_1	ma	ma-07	2020_07_30	new		96	DERIVED	
admin_1	ma	ma-07	2020_07_30	total		3512	https://covid.hespress.com/	
admin_1	ma	ma-08	2020_07_30	new		2	DERIVED	
admin_1	ma	ma-08	2020_07_30	total		631	https://covid.hespress.com/	
admin_1	ma	ma-09	2020_07_30	new		3	DERIVED	
admin_1	ma	ma-09	2020_07_30	total		127	https://covid.hespress.com/	
admin_1	ma	ma-10	2020_07_30	new		0	DERIVED	
admin_1	ma	ma-10	2020_07_30	total		160	https://covid.hespress.com/	
admin_1	ma	ma-11	2020_07_30	new		5	DERIVED	
admin_1	ma	ma-11	2020_07_30	total		837	https://covid.hespress.com/	
admin_1	ma	ma-12	2020_07_30	new		12	DERIVED	
admin_1	ma	ma-12	2020_07_30	total		80	https://covid.hespress.com/	
admin_1	ma	ma-01	2020_07_31	new		259	DERIVED	
admin_1	ma	ma-01	2020_07_31	total		5317	https://covid.hespress.com/	
admin_1	ma	ma-02	2020_07_31	new		34	DERIVED	
admin_1	ma	ma-02	2020_07_31	total		456	https://covid.hespress.com/	
admin_1	ma	ma-03	2020_07_31	new		229	DERIVED	
admin_1	ma	ma-03	2020_07_31	total		3352	https://covid.hespress.com/	
admin_1	ma	ma-04	2020_07_31	new		94	DERIVED	
admin_1	ma	ma-04	2020_07_31	total		2400	https://covid.hespress.com/	
admin_1	ma	ma-05	2020_07_31	new		9	DERIVED	
admin_1	ma	ma-05	2020_07_31	total		240	https://covid.hespress.com/	
admin_1	ma	ma-06	2020_07_31	new		265	DERIVED	
admin_1	ma	ma-06	2020_07_31	total		5994	https://covid.hespress.com/	
admin_1	ma	ma-07	2020_07_31	new		116	DERIVED	
admin_1	ma	ma-07	2020_07_31	total		3628	https://covid.hespress.com/	
admin_1	ma	ma-08	2020_07_31	new		30	DERIVED	
admin_1	ma	ma-08	2020_07_31	total		661	https://covid.hespress.com/	
admin_1	ma	ma-09	2020_07_31	new		3	DERIVED	
admin_1	ma	ma-09	2020_07_31	total		130	https://covid.hespress.com/	
admin_1	ma	ma-10	2020_07_31	new		0	DERIVED	
admin_1	ma	ma-10	2020_07_31	total		160	https://covid.hespress.com/	
admin_1	ma	ma-11	2020_07_31	new		0	DERIVED	
admin_1	ma	ma-11	2020_07_31	total		837	https://covid.hespress.com/	
admin_1	ma	ma-12	2020_07_31	new		4	DERIVED	
admin_1	ma	ma-12	2020_07_31	total		84	https://covid.hespress.com/	
admin_1	ma	ma-01	2020_08_01	new		260	DERIVED	
admin_1	ma	ma-01	2020_08_01	total		5577	https://covid.hespress.com/	
admin_1	ma	ma-02	2020_08_01	new		-1	DERIVED	
admin_1	ma	ma-02	2020_08_01	total		455	https://covid.hespress.com/	
admin_1	ma	ma-03	2020_08_01	new		296	DERIVED	
admin_1	ma	ma-03	2020_08_01	total		3648	https://covid.hespress.com/	
admin_1	ma	ma-04	2020_08_01	new		42	DERIVED	
admin_1	ma	ma-04	2020_08_01	total		2442	https://covid.hespress.com/	
admin_1	ma	ma-05	2020_08_01	new		30	DERIVED	
admin_1	ma	ma-05	2020_08_01	total		270	https://covid.hespress.com/	
admin_1	ma	ma-06	2020_08_01	new		342	DERIVED	
admin_1	ma	ma-06	2020_08_01	total		6336	https://covid.hespress.com/	
admin_1	ma	ma-07	2020_08_01	new		74	DERIVED	
admin_1	ma	ma-07	2020_08_01	total		3702	https://covid.hespress.com/	
admin_1	ma	ma-08	2020_08_01	new		15	DERIVED	
admin_1	ma	ma-08	2020_08_01	total		676	https://covid.hespress.com/	
admin_1	ma	ma-09	2020_08_01	new		6	DERIVED	
admin_1	ma	ma-09	2020_08_01	total		136	https://covid.hespress.com/	
admin_1	ma	ma-10	2020_08_01	new		1	DERIVED	
admin_1	ma	ma-10	2020_08_01	total		161	https://covid.hespress.com/	
admin_1	ma	ma-11	2020_08_01	new		0	DERIVED	
admin_1	ma	ma-11	2020_08_01	total		837	https://covid.hespress.com/	
admin_1	ma	ma-12	2020_08_01	new		-1	DERIVED	
admin_1	ma	ma-12	2020_08_01	total		83	https://covid.hespress.com/	
admin_1	ma	ma-01	2020_08_02	new		329	DERIVED	
admin_1	ma	ma-01	2020_08_02	total		5906	https://covid.hespress.com/	
admin_1	ma	ma-02	2020_08_02	new		13	DERIVED	
admin_1	ma	ma-02	2020_08_02	total		468	https://covid.hespress.com/	
admin_1	ma	ma-03	2020_08_02	new		209	DERIVED	
admin_1	ma	ma-03	2020_08_02	total		3857	https://covid.hespress.com/	
admin_1	ma	ma-04	2020_08_02	new		80	DERIVED	
admin_1	ma	ma-04	2020_08_02	total		2522	https://covid.hespress.com/	
admin_1	ma	ma-05	2020_08_02	new		5	DERIVED	
admin_1	ma	ma-05	2020_08_02	total		275	https://covid.hespress.com/	
admin_1	ma	ma-06	2020_08_02	new		40	DERIVED	
admin_1	ma	ma-06	2020_08_02	total		6376	https://covid.hespress.com/	
admin_1	ma	ma-07	2020_08_02	new		15	DERIVED	
admin_1	ma	ma-07	2020_08_02	total		3717	https://covid.hespress.com/	
admin_1	ma	ma-08	2020_08_02	new		2	DERIVED	
admin_1	ma	ma-08	2020_08_02	total		678	https://covid.hespress.com/	
admin_1	ma	ma-09	2020_08_02	new		-1	DERIVED	
admin_1	ma	ma-09	2020_08_02	total		135	https://covid.hespress.com/	
admin_1	ma	ma-10	2020_08_02	new		-1	DERIVED	
admin_1	ma	ma-10	2020_08_02	total		160	https://covid.hespress.com/	
admin_1	ma	ma-11	2020_08_02	new		1	DERIVED	
admin_1	ma	ma-11	2020_08_02	total		838	https://covid.hespress.com/	
admin_1	ma	ma-12	2020_08_02	new		0	DERIVED	
admin_1	ma	ma-12	2020_08_02	total		83	https://covid.hespress.com/	
admin_1	ma	ma-01	2020_08_03	new		182	DERIVED	
admin_1	ma	ma-01	2020_08_03	total		6088	https://covid.hespress.com/	
admin_1	ma	ma-02	2020_08_03	new		10	DERIVED	
admin_1	ma	ma-02	2020_08_03	total		478	https://covid.hespress.com/	
admin_1	ma	ma-03	2020_08_03	new		147	DERIVED	
admin_1	ma	ma-03	2020_08_03	total		4004	https://covid.hespress.com/	
admin_1	ma	ma-04	2020_08_03	new		34	DERIVED	
admin_1	ma	ma-04	2020_08_03	total		2556	https://covid.hespress.com/	
admin_1	ma	ma-05	2020_08_03	new		26	DERIVED	
admin_1	ma	ma-05	2020_08_03	total		301	https://covid.hespress.com/	
admin_1	ma	ma-06	2020_08_03	new		80	DERIVED	
admin_1	ma	ma-06	2020_08_03	total		6456	https://covid.hespress.com/	
admin_1	ma	ma-07	2020_08_03	new		9	DERIVED	
admin_1	ma	ma-07	2020_08_03	total		3726	https://covid.hespress.com/	
admin_1	ma	ma-08	2020_08_03	new		27	DERIVED	
admin_1	ma	ma-08	2020_08_03	total		705	https://covid.hespress.com/	
admin_1	ma	ma-09	2020_08_03	new		5	DERIVED	
admin_1	ma	ma-09	2020_08_03	total		140	https://covid.hespress.com/	
admin_1	ma	ma-10	2020_08_03	new		1	DERIVED	
admin_1	ma	ma-10	2020_08_03	total		161	https://covid.hespress.com/	
admin_1	ma	ma-11	2020_08_03	new		2	DERIVED	
admin_1	ma	ma-11	2020_08_03	total		840	https://covid.hespress.com/	
admin_1	ma	ma-12	2020_08_03	new		1	DERIVED	
admin_1	ma	ma-12	2020_08_03	total		84	https://covid.hespress.com/	
